Rep,Method,MSE
North/South_Rep1,BCF,0.43087480158845326
North/South_Rep1,AnchorBooster-small,0.24589476632154295
North/South_Rep1,AnchorBooster-medium,0.2468776311561057
North/South_Rep1,AnchorBooster-large,0.24746499210621914
North/South_Rep1,LS,0.26174644661438434
North/South_Rep1,AVE,1.3995181124682863
North/South_Rep1,CF-medium,0.896445066416759
North/South_Rep1,CF-small,0.5745862915086337
North/South_Rep1,CF-large,1.090054682868765
North/South_Rep1,GroupDRO,0.5252431548649722
North/South_Rep2,BCF,0.41963767136042845
North/South_Rep2,AnchorBooster-small,0.2241660926359209
North/South_Rep2,AnchorBooster-medium,0.22908541487909267
North/South_Rep2,AnchorBooster-large,0.22941640503481242
North/South_Rep2,LS,0.23360674066868095
North/South_Rep2,AVE,1.3997707720932437
North/South_Rep2,CF-medium,0.86156666427285
North/South_Rep2,CF-small,0.5572056904233745
North/South_Rep2,CF-large,1.0505236821555852
North/South_Rep2,GroupDRO,0.42261279505948546
North/South_Rep3,BCF,0.44606136678541536
North/South_Rep3,AnchorBooster-small,0.25203458358594355
North/South_Rep3,AnchorBooster-medium,0.2541534969063646
North/South_Rep3,AnchorBooster-large,0.2542410410936835
North/South_Rep3,LS,0.2613094266185505
North/South_Rep3,AVE,1.4507204518232566
North/South_Rep3,CF-medium,0.9650674806507218
North/South_Rep3,CF-small,0.6157933077990898
North/South_Rep3,CF-large,1.1578401419624114
North/South_Rep3,GroupDRO,0.4790101576521349
North/South_Rep4,BCF,0.4280266479404532
North/South_Rep4,AnchorBooster-small,0.23824260392309682
North/South_Rep4,AnchorBooster-medium,0.23597173520999074
North/South_Rep4,AnchorBooster-large,0.23170728074228594
North/South_Rep4,LS,0.249275907042057
North/South_Rep4,AVE,1.4025929146183527
North/South_Rep4,CF-medium,0.9049352567804747
North/South_Rep4,CF-small,0.5809588692316141
North/South_Rep4,CF-large,1.0840671574917258
North/South_Rep4,GroupDRO,0.46118908328206376
North/South_Rep5,BCF,0.42491255319339705
North/South_Rep5,AnchorBooster-small,0.2206653987988608
North/South_Rep5,AnchorBooster-medium,0.2205008471455633
North/South_Rep5,AnchorBooster-large,0.22116361043489283
North/South_Rep5,LS,0.2325101161920092
North/South_Rep5,AVE,1.3084331582303244
North/South_Rep5,CF-medium,0.803945053808202
North/South_Rep5,CF-small,0.516339793432489
North/South_Rep5,CF-large,0.9701533181672463
North/South_Rep5,GroupDRO,0.506357027306507
North/South_Rep6,BCF,0.392843022955493
North/South_Rep6,AnchorBooster-small,0.23744580876796728
North/South_Rep6,AnchorBooster-medium,0.2355207668634271
North/South_Rep6,AnchorBooster-large,0.23748636771312362
North/South_Rep6,LS,0.24432019787444023
North/South_Rep6,AVE,1.3083159229401011
North/South_Rep6,CF-medium,0.8387534060660798
North/South_Rep6,CF-small,0.5377423835739427
North/South_Rep6,CF-large,1.004686036914479
North/South_Rep6,GroupDRO,0.5039468631728496
North/South_Rep7,BCF,0.4377352881102487
North/South_Rep7,AnchorBooster-small,0.23564968130740066
North/South_Rep7,AnchorBooster-medium,0.2371213835882752
North/South_Rep7,AnchorBooster-large,0.2391933251649376
North/South_Rep7,LS,0.2529109044423838
North/South_Rep7,AVE,1.3629288521083573
North/South_Rep7,CF-medium,0.8675397897159145
North/South_Rep7,CF-small,0.5654815069479502
North/South_Rep7,CF-large,1.0346713994518597
North/South_Rep7,GroupDRO,0.4709126717617328
North/South_Rep8,BCF,0.4154245352575395
North/South_Rep8,AnchorBooster-small,0.237678078735919
North/South_Rep8,AnchorBooster-medium,0.23770066607912843
North/South_Rep8,AnchorBooster-large,0.23591570164935693
North/South_Rep8,LS,0.24648302730252797
North/South_Rep8,AVE,1.355392614986623
North/South_Rep8,CF-medium,0.8640595481826102
North/South_Rep8,CF-small,0.5584729590101077
North/South_Rep8,CF-large,1.0656765779975361
North/South_Rep8,GroupDRO,0.4825202370248479
North/South_Rep9,BCF,0.42088158060106867
North/South_Rep9,AnchorBooster-small,0.24363613625906136
North/South_Rep9,AnchorBooster-medium,0.24427123219790106
North/South_Rep9,AnchorBooster-large,0.24607419629911376
North/South_Rep9,LS,0.25912144000732434
North/South_Rep9,AVE,1.3823453657617617
North/South_Rep9,CF-medium,0.8534633865142914
North/South_Rep9,CF-small,0.5620995541815598
North/South_Rep9,CF-large,1.0640512230322714
North/South_Rep9,GroupDRO,0.5287779060815206
North/South_Rep10,BCF,0.44824070749605
North/South_Rep10,AnchorBooster-small,0.24478216485734186
North/South_Rep10,AnchorBooster-medium,0.24787022574718634
North/South_Rep10,AnchorBooster-large,0.24520735516325207
North/South_Rep10,LS,0.2584245707271305
North/South_Rep10,AVE,1.3765430212227885
North/South_Rep10,CF-medium,0.9117958459806048
North/South_Rep10,CF-small,0.5841542187479999
North/South_Rep10,CF-large,1.0957653426337648
North/South_Rep10,GroupDRO,0.49848120197055484
South/North_Rep1,BCF,0.344967307464869
South/North_Rep1,AnchorBooster-small,0.2702542913913743
South/North_Rep1,AnchorBooster-medium,0.26810470309933887
South/North_Rep1,AnchorBooster-large,0.2663461118208615
South/North_Rep1,LS,0.28413835522097863
South/North_Rep1,AVE,1.2724068430685056
South/North_Rep1,CF-medium,0.8755984305990477
South/North_Rep1,CF-small,0.5891594664078004
South/North_Rep1,CF-large,1.045621599478735
South/North_Rep1,GroupDRO,0.4569310225994651
South/North_Rep2,BCF,0.3438234040072108
South/North_Rep2,AnchorBooster-small,0.2809250644427902
South/North_Rep2,AnchorBooster-medium,0.28249578134141656
South/North_Rep2,AnchorBooster-large,0.28127885668223135
South/North_Rep2,LS,0.3015652701884345
South/North_Rep2,AVE,1.209345871757652
South/North_Rep2,CF-medium,0.8419894962735716
South/North_Rep2,CF-small,0.5845803904890454
South/North_Rep2,CF-large,1.025718140194064
South/North_Rep2,GroupDRO,0.4550728558199389
South/North_Rep3,BCF,0.38354287535373743
South/North_Rep3,AnchorBooster-small,0.2979824408896758
South/North_Rep3,AnchorBooster-medium,0.29572874917216124
South/North_Rep3,AnchorBooster-large,0.2937174393138207
South/North_Rep3,LS,0.3277286129496028
South/North_Rep3,AVE,1.2488331705594222
South/North_Rep3,CF-medium,0.9000156062060652
South/North_Rep3,CF-small,0.6228684415087744
South/North_Rep3,CF-large,1.0936361330162132
South/North_Rep3,GroupDRO,0.526366080395232
South/North_Rep4,BCF,0.3668100916457734
South/North_Rep4,AnchorBooster-small,0.296691311265372
South/North_Rep4,AnchorBooster-medium,0.29613711548066335
South/North_Rep4,AnchorBooster-large,0.29307232701451913
South/North_Rep4,LS,0.3147912347805549
South/North_Rep4,AVE,1.2513571336275187
South/North_Rep4,CF-medium,0.903606060159155
South/North_Rep4,CF-small,0.6120157063319047
South/North_Rep4,CF-large,1.0639421855095321
South/North_Rep4,GroupDRO,0.4947972781392247
South/North_Rep5,BCF,0.3557861367792013
South/North_Rep5,AnchorBooster-small,0.27360081897437066
South/North_Rep5,AnchorBooster-medium,0.2761879401483514
South/North_Rep5,AnchorBooster-large,0.271605808226457
South/North_Rep5,LS,0.2978015987056447
South/North_Rep5,AVE,1.2578754449407443
South/North_Rep5,CF-medium,0.9182351809899865
South/North_Rep5,CF-small,0.6184671409258926
South/North_Rep5,CF-large,1.0925695629587575
South/North_Rep5,GroupDRO,0.5718459566382779
South/North_Rep6,BCF,0.3536550448849612
South/North_Rep6,AnchorBooster-small,0.2881573306174401
South/North_Rep6,AnchorBooster-medium,0.28583264076798115
South/North_Rep6,AnchorBooster-large,0.2890521666286924
South/North_Rep6,LS,0.3159395030809308
South/North_Rep6,AVE,1.2700928439666501
South/North_Rep6,CF-medium,0.9326320427857122
South/North_Rep6,CF-small,0.6234533890008768
South/North_Rep6,CF-large,1.0959181253239019
South/North_Rep6,GroupDRO,0.4949840472413692
South/North_Rep7,BCF,0.3730267027417988
South/North_Rep7,AnchorBooster-small,0.3177516618394797
South/North_Rep7,AnchorBooster-medium,0.31384433319031835
South/North_Rep7,AnchorBooster-large,0.30690996074864657
South/North_Rep7,LS,0.3366026523070416
South/North_Rep7,AVE,1.1989382706984146
South/North_Rep7,CF-medium,0.8491202393797118
South/North_Rep7,CF-small,0.6070071207014908
South/North_Rep7,CF-large,1.0107924983515724
South/North_Rep7,GroupDRO,0.5472202925858798
South/North_Rep8,BCF,0.35703715327267205
South/North_Rep8,AnchorBooster-small,0.294294631292756
South/North_Rep8,AnchorBooster-medium,0.29487689153284363
South/North_Rep8,AnchorBooster-large,0.2954594859878631
South/North_Rep8,LS,0.31996494202205394
South/North_Rep8,AVE,1.2504015383937925
South/North_Rep8,CF-medium,0.8833054349971114
South/North_Rep8,CF-small,0.601029098280759
South/North_Rep8,CF-large,1.0530184743324364
South/North_Rep8,GroupDRO,0.5101025402711642
South/North_Rep9,BCF,0.3776245957375954
South/North_Rep9,AnchorBooster-small,0.3120043241255709
South/North_Rep9,AnchorBooster-medium,0.3109768920048156
South/North_Rep9,AnchorBooster-large,0.31101016760032935
South/North_Rep9,LS,0.33135316165572154
South/North_Rep9,AVE,1.2710168251994332
South/North_Rep9,CF-medium,0.916644609800115
South/North_Rep9,CF-small,0.6125733702852516
South/North_Rep9,CF-large,1.0893401384562265
South/North_Rep9,GroupDRO,0.5711489933259344
South/North_Rep10,BCF,0.36010779552425215
South/North_Rep10,AnchorBooster-small,0.2703597713890754
South/North_Rep10,AnchorBooster-medium,0.2728079830796802
South/North_Rep10,AnchorBooster-large,0.2764539223744048
South/North_Rep10,LS,0.30077891527309647
South/North_Rep10,AVE,1.203231372684173
South/North_Rep10,CF-medium,0.8672435224250791
South/North_Rep10,CF-small,0.5938782779975973
South/North_Rep10,CF-large,1.0560007232704303
South/North_Rep10,GroupDRO,0.48089201428822437
East/West_Rep1,BCF,0.4486255593986398
East/West_Rep1,AnchorBooster-small,0.30929374925635456
East/West_Rep1,AnchorBooster-medium,0.31208713101851077
East/West_Rep1,AnchorBooster-large,0.3135133121648169
East/West_Rep1,LS,0.34283060935128495
East/West_Rep1,AVE,1.3137021527313073
East/West_Rep1,CF-medium,0.984408343727605
East/West_Rep1,CF-small,0.6385006796256003
East/West_Rep1,CF-large,1.1555398286373553
East/West_Rep1,GroupDRO,0.6197370777793857
East/West_Rep2,BCF,0.44882160801445686
East/West_Rep2,AnchorBooster-small,0.3084403680432665
East/West_Rep2,AnchorBooster-medium,0.30994395867679575
East/West_Rep2,AnchorBooster-large,0.32119244857758306
East/West_Rep2,LS,0.337484638361405
East/West_Rep2,AVE,1.2351479241654326
East/West_Rep2,CF-medium,0.9373622230744911
East/West_Rep2,CF-small,0.6054336535075686
East/West_Rep2,CF-large,1.0900615674920737
East/West_Rep2,GroupDRO,0.48970750815645286
East/West_Rep3,BCF,0.4208271299758169
East/West_Rep3,AnchorBooster-small,0.2886449034360286
East/West_Rep3,AnchorBooster-medium,0.2910177636449283
East/West_Rep3,AnchorBooster-large,0.29054558434380756
East/West_Rep3,LS,0.330071277761286
East/West_Rep3,AVE,1.2841424348252375
East/West_Rep3,CF-medium,0.9691594094139593
East/West_Rep3,CF-small,0.6245789560698413
East/West_Rep3,CF-large,1.1428900797627215
East/West_Rep3,GroupDRO,0.5447656445273403
East/West_Rep4,BCF,0.3981653239523465
East/West_Rep4,AnchorBooster-small,0.2787149483995123
East/West_Rep4,AnchorBooster-medium,0.2714565356348924
East/West_Rep4,AnchorBooster-large,0.2760071033473504
East/West_Rep4,LS,0.29318756832177695
East/West_Rep4,AVE,1.2953697158057298
East/West_Rep4,CF-medium,0.9367190864178913
East/West_Rep4,CF-small,0.6002318516634565
East/West_Rep4,CF-large,1.1360138193972353
East/West_Rep4,GroupDRO,0.8992384522802641
East/West_Rep5,BCF,0.42573461543909374
East/West_Rep5,AnchorBooster-small,0.2946519100678647
East/West_Rep5,AnchorBooster-medium,0.2965029684647342
East/West_Rep5,AnchorBooster-large,0.3018473299446523
East/West_Rep5,LS,0.3371470194807196
East/West_Rep5,AVE,1.3268366130161837
East/West_Rep5,CF-medium,0.9950227333008086
East/West_Rep5,CF-small,0.6371273524450582
East/West_Rep5,CF-large,1.1780887677752994
East/West_Rep5,GroupDRO,0.6069701270541185
East/West_Rep6,BCF,0.4034026523319501
East/West_Rep6,AnchorBooster-small,0.2836443968897565
East/West_Rep6,AnchorBooster-medium,0.283594047811204
East/West_Rep6,AnchorBooster-large,0.28494310044849275
East/West_Rep6,LS,0.31590564094402157
East/West_Rep6,AVE,1.2914379021594444
East/West_Rep6,CF-medium,0.9196973076985012
East/West_Rep6,CF-small,0.6086452076460351
East/West_Rep6,CF-large,1.1150896454465877
East/West_Rep6,GroupDRO,0.5456660822061663
East/West_Rep7,BCF,0.42925309203403794
East/West_Rep7,AnchorBooster-small,0.2896036692214586
East/West_Rep7,AnchorBooster-medium,0.2891709997582514
East/West_Rep7,AnchorBooster-large,0.28778615826865594
East/West_Rep7,LS,0.32667498896083375
East/West_Rep7,AVE,1.207038302637849
East/West_Rep7,CF-medium,0.9142340888313919
East/West_Rep7,CF-small,0.6051995109009061
East/West_Rep7,CF-large,1.08699817200633
East/West_Rep7,GroupDRO,0.5692922265374222
East/West_Rep8,BCF,0.4207673148382354
East/West_Rep8,AnchorBooster-small,0.2846559391483087
East/West_Rep8,AnchorBooster-medium,0.28580804761355033
East/West_Rep8,AnchorBooster-large,0.28331915115335865
East/West_Rep8,LS,0.316537879570838
East/West_Rep8,AVE,1.3056033992439764
East/West_Rep8,CF-medium,0.9538954527433169
East/West_Rep8,CF-small,0.615098752379609
East/West_Rep8,CF-large,1.1505477987891548
East/West_Rep8,GroupDRO,0.7611286892488649
East/West_Rep9,BCF,0.4201703747877091
East/West_Rep9,AnchorBooster-small,0.29116246753360603
East/West_Rep9,AnchorBooster-medium,0.2906762031681977
East/West_Rep9,AnchorBooster-large,0.29357258518418977
East/West_Rep9,LS,0.3215532933578889
East/West_Rep9,AVE,1.2668402819594673
East/West_Rep9,CF-medium,0.9615615024691446
East/West_Rep9,CF-small,0.6121086087094431
East/West_Rep9,CF-large,1.1489182219284921
East/West_Rep9,GroupDRO,0.5451103507784644
East/West_Rep10,BCF,0.41664625811491435
East/West_Rep10,AnchorBooster-small,0.2700170697964733
East/West_Rep10,AnchorBooster-medium,0.27280615472181624
East/West_Rep10,AnchorBooster-large,0.2706381979119608
East/West_Rep10,LS,0.29752891461029396
East/West_Rep10,AVE,1.2637308017624738
East/West_Rep10,CF-medium,0.9372843859885225
East/West_Rep10,CF-small,0.5961394813323003
East/West_Rep10,CF-large,1.1242765178265872
East/West_Rep10,GroupDRO,0.5602145973916611
West/East_Rep1,BCF,0.40622603525322165
West/East_Rep1,AnchorBooster-small,0.26064079677046265
West/East_Rep1,AnchorBooster-medium,0.26098143284480474
West/East_Rep1,AnchorBooster-large,0.25980732289454517
West/East_Rep1,LS,0.2727277838018896
West/East_Rep1,AVE,1.4086592501343058
West/East_Rep1,CF-medium,0.9943329902783649
West/East_Rep1,CF-small,0.6234900769784768
West/East_Rep1,CF-large,1.211153380470569
West/East_Rep1,GroupDRO,0.5536019934364056
West/East_Rep2,BCF,0.38074520469278744
West/East_Rep2,AnchorBooster-small,0.2657855098493168
West/East_Rep2,AnchorBooster-medium,0.26223375150806544
West/East_Rep2,AnchorBooster-large,0.2606669443530404
West/East_Rep2,LS,0.2665037069855967
West/East_Rep2,AVE,1.4204166324190683
West/East_Rep2,CF-medium,0.9622946169549048
West/East_Rep2,CF-small,0.6102727910211208
West/East_Rep2,CF-large,1.2028827034418639
West/East_Rep2,GroupDRO,0.6908154369292138
West/East_Rep3,BCF,0.42154757649837266
West/East_Rep3,AnchorBooster-small,0.28810546690651717
West/East_Rep3,AnchorBooster-medium,0.2895030541245394
West/East_Rep3,AnchorBooster-large,0.29475443075035546
West/East_Rep3,LS,0.302455894620827
West/East_Rep3,AVE,1.3899889205392055
West/East_Rep3,CF-medium,0.8995929422125699
West/East_Rep3,CF-small,0.6125208736238308
West/East_Rep3,CF-large,1.0849978864009342
West/East_Rep3,GroupDRO,0.5534641911419946
West/East_Rep4,BCF,0.3988609345730747
West/East_Rep4,AnchorBooster-small,0.258731605057461
West/East_Rep4,AnchorBooster-medium,0.2575506196620927
West/East_Rep4,AnchorBooster-large,0.2580267716520486
West/East_Rep4,LS,0.2680201894454591
West/East_Rep4,AVE,1.420487540475514
West/East_Rep4,CF-medium,0.9490039618075562
West/East_Rep4,CF-small,0.6039547038235448
West/East_Rep4,CF-large,1.190658258902703
West/East_Rep4,GroupDRO,0.4795100078886155
West/East_Rep5,BCF,0.39599988323665575
West/East_Rep5,AnchorBooster-small,0.2745561807329275
West/East_Rep5,AnchorBooster-medium,0.2730407904540212
West/East_Rep5,AnchorBooster-large,0.2820161044623688
West/East_Rep5,LS,0.2819338981312277
West/East_Rep5,AVE,1.407715952284845
West/East_Rep5,CF-medium,0.9416539590534928
West/East_Rep5,CF-small,0.6084474431840968
West/East_Rep5,CF-large,1.1555528127121761
West/East_Rep5,GroupDRO,0.5948479217831462
West/East_Rep6,BCF,0.4303714094987578
West/East_Rep6,AnchorBooster-small,0.29281519982916504
West/East_Rep6,AnchorBooster-medium,0.2992645653713798
West/East_Rep6,AnchorBooster-large,0.29564814309213167
West/East_Rep6,LS,0.30719964765443697
West/East_Rep6,AVE,1.3468827312793847
West/East_Rep6,CF-medium,0.9069912802542788
West/East_Rep6,CF-small,0.6129053169566058
West/East_Rep6,CF-large,1.122510782291417
West/East_Rep6,GroupDRO,0.6072331555213036
West/East_Rep7,BCF,0.3788244994598191
West/East_Rep7,AnchorBooster-small,0.2607262514436701
West/East_Rep7,AnchorBooster-medium,0.26062357562611654
West/East_Rep7,AnchorBooster-large,0.2656477702562279
West/East_Rep7,LS,0.27496113623772106
West/East_Rep7,AVE,1.308969939861923
West/East_Rep7,CF-medium,0.8755258249690309
West/East_Rep7,CF-small,0.562920801698152
West/East_Rep7,CF-large,1.0802022050838789
West/East_Rep7,GroupDRO,0.524693402437772
West/East_Rep8,BCF,0.419840015634609
West/East_Rep8,AnchorBooster-small,0.287832253505641
West/East_Rep8,AnchorBooster-medium,0.28915022773508353
West/East_Rep8,AnchorBooster-large,0.2821468924090907
West/East_Rep8,LS,0.3088257667982835
West/East_Rep8,AVE,1.4097659336566748
West/East_Rep8,CF-medium,0.978184968343585
West/East_Rep8,CF-small,0.6264491012332756
West/East_Rep8,CF-large,1.2054167514831187
West/East_Rep8,GroupDRO,0.5623767489620572
West/East_Rep9,BCF,0.3863826856030041
West/East_Rep9,AnchorBooster-small,0.2622097106133868
West/East_Rep9,AnchorBooster-medium,0.262917340453448
West/East_Rep9,AnchorBooster-large,0.2617571925239201
West/East_Rep9,LS,0.2800415766353599
West/East_Rep9,AVE,1.3228586767333226
West/East_Rep9,CF-medium,0.8697586233465286
West/East_Rep9,CF-small,0.5851514545941147
West/East_Rep9,CF-large,1.0735387875281082
West/East_Rep9,GroupDRO,0.5321554313075622
West/East_Rep10,BCF,0.37715555546305396
West/East_Rep10,AnchorBooster-small,0.2655202771024039
West/East_Rep10,AnchorBooster-medium,0.26650891101359925
West/East_Rep10,AnchorBooster-large,0.2677151426447131
West/East_Rep10,LS,0.2812497442098348
West/East_Rep10,AVE,1.4359545951984491
West/East_Rep10,CF-medium,0.929836848064216
West/East_Rep10,CF-small,0.608967527437808
West/East_Rep10,CF-large,1.1690253748198938
West/East_Rep10,GroupDRO,0.5435218681216051
SE/rest_Rep1,BCF,0.38422274141375035
SE/rest_Rep1,AnchorBooster-small,0.308278287525582
SE/rest_Rep1,AnchorBooster-medium,0.30681079511103176
SE/rest_Rep1,AnchorBooster-large,0.30799050078380236
SE/rest_Rep1,LS,0.3295938167961255
SE/rest_Rep1,AVE,1.295337736292227
SE/rest_Rep1,CF-medium,0.9513944987427185
SE/rest_Rep1,CF-small,0.6359644471480583
SE/rest_Rep1,CF-large,1.152600363922009
SE/rest_Rep1,GroupDRO,0.5382366861717743
SE/rest_Rep2,BCF,0.3845836767314538
SE/rest_Rep2,AnchorBooster-small,0.29643188592346653
SE/rest_Rep2,AnchorBooster-medium,0.2954644084199387
SE/rest_Rep2,AnchorBooster-large,0.3004551594013324
SE/rest_Rep2,LS,0.3326092515259736
SE/rest_Rep2,AVE,1.23546088062397
SE/rest_Rep2,CF-medium,0.895790543487365
SE/rest_Rep2,CF-small,0.6096219821432527
SE/rest_Rep2,CF-large,1.0556064898165929
SE/rest_Rep2,GroupDRO,0.5139935487955676
SE/rest_Rep3,BCF,0.35175958875189545
SE/rest_Rep3,AnchorBooster-small,0.2702112024548156
SE/rest_Rep3,AnchorBooster-medium,0.2740988867057002
SE/rest_Rep3,AnchorBooster-large,0.270446151494541
SE/rest_Rep3,LS,0.29430409425745674
SE/rest_Rep3,AVE,1.279811069305409
SE/rest_Rep3,CF-medium,0.9081435082848571
SE/rest_Rep3,CF-small,0.5909919719544185
SE/rest_Rep3,CF-large,1.0974017986991658
SE/rest_Rep3,GroupDRO,0.4560263855232414
SE/rest_Rep4,BCF,0.34746124252147237
SE/rest_Rep4,AnchorBooster-small,0.2875933812616339
SE/rest_Rep4,AnchorBooster-medium,0.2878878591701989
SE/rest_Rep4,AnchorBooster-large,0.2827111820521172
SE/rest_Rep4,LS,0.3232536346667909
SE/rest_Rep4,AVE,1.2865735709641222
SE/rest_Rep4,CF-medium,0.9055101218429196
SE/rest_Rep4,CF-small,0.6145563026562313
SE/rest_Rep4,CF-large,1.1004710033226177
SE/rest_Rep4,GroupDRO,0.49696046493073637
SE/rest_Rep5,BCF,0.3453031156825159
SE/rest_Rep5,AnchorBooster-small,0.2957794842427226
SE/rest_Rep5,AnchorBooster-medium,0.29060835814133196
SE/rest_Rep5,AnchorBooster-large,0.2914127238111009
SE/rest_Rep5,LS,0.30600655891783496
SE/rest_Rep5,AVE,1.2058401375081162
SE/rest_Rep5,CF-medium,0.8624884667752679
SE/rest_Rep5,CF-small,0.5872600127910264
SE/rest_Rep5,CF-large,1.0145391460675939
SE/rest_Rep5,GroupDRO,0.6329841759524882
SE/rest_Rep6,BCF,0.34672446031660925
SE/rest_Rep6,AnchorBooster-small,0.2953432250553474
SE/rest_Rep6,AnchorBooster-medium,0.28886217725950153
SE/rest_Rep6,AnchorBooster-large,0.29225871693173755
SE/rest_Rep6,LS,0.316844990846998
SE/rest_Rep6,AVE,1.292308884742479
SE/rest_Rep6,CF-medium,0.8931100792534106
SE/rest_Rep6,CF-small,0.6177397957257015
SE/rest_Rep6,CF-large,1.0823751723717174
SE/rest_Rep6,GroupDRO,0.5605130337635542
SE/rest_Rep7,BCF,0.39194637963615137
SE/rest_Rep7,AnchorBooster-small,0.31045432699000797
SE/rest_Rep7,AnchorBooster-medium,0.31076770996979025
SE/rest_Rep7,AnchorBooster-large,0.3079954095166521
SE/rest_Rep7,LS,0.3464940139504899
SE/rest_Rep7,AVE,1.2957365826201026
SE/rest_Rep7,CF-medium,0.9210113240725334
SE/rest_Rep7,CF-small,0.6367161131228299
SE/rest_Rep7,CF-large,1.0908199765352589
SE/rest_Rep7,GroupDRO,0.5196572926696655
SE/rest_Rep8,BCF,0.3469465421541468
SE/rest_Rep8,AnchorBooster-small,0.2766909666037707
SE/rest_Rep8,AnchorBooster-medium,0.27217272830140893
SE/rest_Rep8,AnchorBooster-large,0.27689782475535374
SE/rest_Rep8,LS,0.29430403525130905
SE/rest_Rep8,AVE,1.2902495476977576
SE/rest_Rep8,CF-medium,0.9102491314847954
SE/rest_Rep8,CF-small,0.6210305290684172
SE/rest_Rep8,CF-large,1.093469233763817
SE/rest_Rep8,GroupDRO,0.45972500621703677
SE/rest_Rep9,BCF,0.34699264759182097
SE/rest_Rep9,AnchorBooster-small,0.2784509396109269
SE/rest_Rep9,AnchorBooster-medium,0.27810884074019226
SE/rest_Rep9,AnchorBooster-large,0.27478259481724954
SE/rest_Rep9,LS,0.30190955794599555
SE/rest_Rep9,AVE,1.3050699163815547
SE/rest_Rep9,CF-medium,0.9287582353293331
SE/rest_Rep9,CF-small,0.6128871967912779
SE/rest_Rep9,CF-large,1.1229236799606859
SE/rest_Rep9,GroupDRO,0.7137482254469782
SE/rest_Rep10,BCF,0.3648249631362421
SE/rest_Rep10,AnchorBooster-small,0.29417615886340703
SE/rest_Rep10,AnchorBooster-medium,0.29703028589886815
SE/rest_Rep10,AnchorBooster-large,0.2912517472407815
SE/rest_Rep10,LS,0.31413848688316404
SE/rest_Rep10,AVE,1.254959617307338
SE/rest_Rep10,CF-medium,0.9089486618717948
SE/rest_Rep10,CF-small,0.6135926590707285
SE/rest_Rep10,CF-large,1.103679826292877
SE/rest_Rep10,GroupDRO,0.5350967388260655
rest/SE_Rep1,BCF,0.4426114538484077
rest/SE_Rep1,AnchorBooster-small,0.2670483911473717
rest/SE_Rep1,AnchorBooster-medium,0.2690553075235932
rest/SE_Rep1,AnchorBooster-large,0.27138972592902944
rest/SE_Rep1,LS,0.2779469323223334
rest/SE_Rep1,AVE,1.4285187234358818
rest/SE_Rep1,CF-medium,0.9194645218085952
rest/SE_Rep1,CF-small,0.5979691584008902
rest/SE_Rep1,CF-large,1.1162051572887477
rest/SE_Rep1,GroupDRO,0.47350951349816234
rest/SE_Rep2,BCF,0.44482882696649906
rest/SE_Rep2,AnchorBooster-small,0.2528638688297402
rest/SE_Rep2,AnchorBooster-medium,0.2535737604155491
rest/SE_Rep2,AnchorBooster-large,0.25467763718437947
rest/SE_Rep2,LS,0.25512389014285214
rest/SE_Rep2,AVE,1.414653492771518
rest/SE_Rep2,CF-medium,0.9184701241019485
rest/SE_Rep2,CF-small,0.5814534684908609
rest/SE_Rep2,CF-large,1.108431902081519
rest/SE_Rep2,GroupDRO,0.5438834320436086
rest/SE_Rep3,BCF,0.4317807862137923
rest/SE_Rep3,AnchorBooster-small,0.2477132886351302
rest/SE_Rep3,AnchorBooster-medium,0.24839975657494104
rest/SE_Rep3,AnchorBooster-large,0.24942481549447348
rest/SE_Rep3,LS,0.25242021559113526
rest/SE_Rep3,AVE,1.3511651191731153
rest/SE_Rep3,CF-medium,0.854930786065315
rest/SE_Rep3,CF-small,0.5557906185618792
rest/SE_Rep3,CF-large,1.0672538258484172
rest/SE_Rep3,GroupDRO,0.44874760128032404
rest/SE_Rep4,BCF,0.4050285880985593
rest/SE_Rep4,AnchorBooster-small,0.23879999684929779
rest/SE_Rep4,AnchorBooster-medium,0.23818482226836324
rest/SE_Rep4,AnchorBooster-large,0.24145867807368407
rest/SE_Rep4,LS,0.25454744827029724
rest/SE_Rep4,AVE,1.3346210433261851
rest/SE_Rep4,CF-medium,0.8611556619808248
rest/SE_Rep4,CF-small,0.554457815587163
rest/SE_Rep4,CF-large,1.0473273166438577
rest/SE_Rep4,GroupDRO,0.5263437360030608
rest/SE_Rep5,BCF,0.4356275290916064
rest/SE_Rep5,AnchorBooster-small,0.2324085354454834
rest/SE_Rep5,AnchorBooster-medium,0.23267047914902445
rest/SE_Rep5,AnchorBooster-large,0.23246402059374846
rest/SE_Rep5,LS,0.24352345618573587
rest/SE_Rep5,AVE,1.3546323964064055
rest/SE_Rep5,CF-medium,0.8606345778275077
rest/SE_Rep5,CF-small,0.5492677798113123
rest/SE_Rep5,CF-large,1.0565702710110534
rest/SE_Rep5,GroupDRO,0.5395259016671807
rest/SE_Rep6,BCF,0.4233760736450268
rest/SE_Rep6,AnchorBooster-small,0.25377582318997477
rest/SE_Rep6,AnchorBooster-medium,0.25058860720810955
rest/SE_Rep6,AnchorBooster-large,0.2500079785182083
rest/SE_Rep6,LS,0.2658761954337664
rest/SE_Rep6,AVE,1.399379728105131
rest/SE_Rep6,CF-medium,0.9150039524106812
rest/SE_Rep6,CF-small,0.5914911430709638
rest/SE_Rep6,CF-large,1.1466085478114427
rest/SE_Rep6,GroupDRO,0.4717873127282292
rest/SE_Rep7,BCF,0.4005975485126341
rest/SE_Rep7,AnchorBooster-small,0.22939446553737908
rest/SE_Rep7,AnchorBooster-medium,0.226890899345426
rest/SE_Rep7,AnchorBooster-large,0.22807807570292143
rest/SE_Rep7,LS,0.2493564566203904
rest/SE_Rep7,AVE,1.3399135704303233
rest/SE_Rep7,CF-medium,0.8656709880174014
rest/SE_Rep7,CF-small,0.5433784153911347
rest/SE_Rep7,CF-large,1.032251839242144
rest/SE_Rep7,GroupDRO,0.44528831126631413
rest/SE_Rep8,BCF,0.4273178978636987
rest/SE_Rep8,AnchorBooster-small,0.2516421688131716
rest/SE_Rep8,AnchorBooster-medium,0.25373686384484984
rest/SE_Rep8,AnchorBooster-large,0.25197208696135637
rest/SE_Rep8,LS,0.26196109166523607
rest/SE_Rep8,AVE,1.4069469555956868
rest/SE_Rep8,CF-medium,0.9331475809919959
rest/SE_Rep8,CF-small,0.6052362256150069
rest/SE_Rep8,CF-large,1.1264803731014974
rest/SE_Rep8,GroupDRO,0.45398808212179415
rest/SE_Rep9,BCF,0.42103508546272017
rest/SE_Rep9,AnchorBooster-small,0.2353001102510557
rest/SE_Rep9,AnchorBooster-medium,0.23394028808981804
rest/SE_Rep9,AnchorBooster-large,0.23638482574513495
rest/SE_Rep9,LS,0.2488298793016322
rest/SE_Rep9,AVE,1.3500057427440246
rest/SE_Rep9,CF-medium,0.8246075291905188
rest/SE_Rep9,CF-small,0.5411099222061784
rest/SE_Rep9,CF-large,1.0090280392776192
rest/SE_Rep9,GroupDRO,0.47862803959999867
rest/SE_Rep10,BCF,0.43197016660837945
rest/SE_Rep10,AnchorBooster-small,0.2399851876029556
rest/SE_Rep10,AnchorBooster-medium,0.23796631222729822
rest/SE_Rep10,AnchorBooster-large,0.2436870529757642
rest/SE_Rep10,LS,0.24938611513098607
rest/SE_Rep10,AVE,1.3833033685550231
rest/SE_Rep10,CF-medium,0.882323530154289
rest/SE_Rep10,CF-small,0.5716766189800833
rest/SE_Rep10,CF-large,1.1127836912695144
rest/SE_Rep10,GroupDRO,0.4606399184191383
SW/rest_Rep1,BCF,0.6520000051871044
SW/rest_Rep1,AnchorBooster-small,0.35267914661864364
SW/rest_Rep1,AnchorBooster-medium,0.3618062127417286
SW/rest_Rep1,AnchorBooster-large,0.3530010406115925
SW/rest_Rep1,LS,0.6404515132925147
SW/rest_Rep1,AVE,0.8858240487923403
SW/rest_Rep1,CF-medium,0.7035422660557628
SW/rest_Rep1,CF-small,0.6357265242844037
SW/rest_Rep1,CF-large,0.7591637552548749
SW/rest_Rep1,GroupDRO,0.9168336867583075
SW/rest_Rep2,BCF,0.8907506253762608
SW/rest_Rep2,AnchorBooster-small,0.3720855152329505
SW/rest_Rep2,AnchorBooster-medium,0.385984032211545
SW/rest_Rep2,AnchorBooster-large,0.3697643470439795
SW/rest_Rep2,LS,0.44391822023483896
SW/rest_Rep2,AVE,0.7200383788633704
SW/rest_Rep2,CF-medium,0.4878945123510334
SW/rest_Rep2,CF-small,0.34993140982625215
SW/rest_Rep2,CF-large,0.6394479305780332
SW/rest_Rep2,GroupDRO,0.8081763462047966
SW/rest_Rep3,BCF,0.293870539913094
SW/rest_Rep3,AnchorBooster-small,0.22372080575299172
SW/rest_Rep3,AnchorBooster-medium,0.2287368022595245
SW/rest_Rep3,AnchorBooster-large,0.21955555309539368
SW/rest_Rep3,LS,0.33157588949137207
SW/rest_Rep3,AVE,0.5779597039096611
SW/rest_Rep3,CF-medium,0.34444018361847256
SW/rest_Rep3,CF-small,0.366478121404314
SW/rest_Rep3,CF-large,0.5049834090019529
SW/rest_Rep3,GroupDRO,0.7842880141205879
SW/rest_Rep4,BCF,0.7347760999279557
SW/rest_Rep4,AnchorBooster-small,0.725440605423866
SW/rest_Rep4,AnchorBooster-medium,0.724416031621675
SW/rest_Rep4,AnchorBooster-large,0.7349233998623137
SW/rest_Rep4,LS,0.7773588455679664
SW/rest_Rep4,AVE,1.333749763546288
SW/rest_Rep4,CF-medium,0.871844744203464
SW/rest_Rep4,CF-small,0.7528437277007954
SW/rest_Rep4,CF-large,1.12665306488896
SW/rest_Rep4,GroupDRO,1.037800598908546
SW/rest_Rep5,BCF,1.3231268245010397
SW/rest_Rep5,AnchorBooster-small,1.2044052840279136
SW/rest_Rep5,AnchorBooster-medium,1.2118140481984327
SW/rest_Rep5,AnchorBooster-large,1.2781301602714423
SW/rest_Rep5,LS,1.3305719643460177
SW/rest_Rep5,AVE,1.8462676585496711
SW/rest_Rep5,CF-medium,1.4871616323722816
SW/rest_Rep5,CF-small,1.493989155586519
SW/rest_Rep5,CF-large,1.8030047493637797
SW/rest_Rep5,GroupDRO,1.3106257462944748
SW/rest_Rep6,BCF,0.3177934673240227
SW/rest_Rep6,AnchorBooster-small,0.3416590857765014
SW/rest_Rep6,AnchorBooster-medium,0.366271974081253
SW/rest_Rep6,AnchorBooster-large,0.33165902487859633
SW/rest_Rep6,LS,0.27624751702750283
SW/rest_Rep6,AVE,0.6364699855164784
SW/rest_Rep6,CF-medium,0.2776665695310311
SW/rest_Rep6,CF-small,0.33701893012025086
SW/rest_Rep6,CF-large,0.5422801618538807
SW/rest_Rep6,GroupDRO,0.5797586205596469
SW/rest_Rep7,BCF,0.7466834497753089
SW/rest_Rep7,AnchorBooster-small,0.5858297640885536
SW/rest_Rep7,AnchorBooster-medium,0.6215438633930295
SW/rest_Rep7,AnchorBooster-large,0.588380798729877
SW/rest_Rep7,LS,0.35887076640570525
SW/rest_Rep7,AVE,0.6288692703702241
SW/rest_Rep7,CF-medium,0.5018523154215953
SW/rest_Rep7,CF-small,0.4084495714901581
SW/rest_Rep7,CF-large,0.5786379328471535
SW/rest_Rep7,GroupDRO,1.0104667448638938
SW/rest_Rep8,BCF,0.47833970957264177
SW/rest_Rep8,AnchorBooster-small,0.31366614356983713
SW/rest_Rep8,AnchorBooster-medium,0.33756155087814005
SW/rest_Rep8,AnchorBooster-large,0.35800894911527803
SW/rest_Rep8,LS,0.3447111339852281
SW/rest_Rep8,AVE,0.7667058882163232
SW/rest_Rep8,CF-medium,0.5920698509682438
SW/rest_Rep8,CF-small,0.45570330882103494
SW/rest_Rep8,CF-large,0.7427608824619368
SW/rest_Rep8,GroupDRO,0.8021296816001741
SW/rest_Rep9,BCF,0.398049976049465
SW/rest_Rep9,AnchorBooster-small,0.38868850502278834
SW/rest_Rep9,AnchorBooster-medium,0.41684701289027803
SW/rest_Rep9,AnchorBooster-large,0.3827747051342073
SW/rest_Rep9,LS,0.4037369220508552
SW/rest_Rep9,AVE,0.6487861062877822
SW/rest_Rep9,CF-medium,0.38902376481424106
SW/rest_Rep9,CF-small,0.30061209940101363
SW/rest_Rep9,CF-large,0.5022214493291054
SW/rest_Rep9,GroupDRO,0.9201515033037236
SW/rest_Rep10,BCF,1.1653679451874017
SW/rest_Rep10,AnchorBooster-small,0.8796449511818839
SW/rest_Rep10,AnchorBooster-medium,0.9014201772023979
SW/rest_Rep10,AnchorBooster-large,0.9337021910527409
SW/rest_Rep10,LS,0.7973376285313183
SW/rest_Rep10,AVE,1.5957580942295018
SW/rest_Rep10,CF-medium,1.1132964125669205
SW/rest_Rep10,CF-small,0.9460687141991025
SW/rest_Rep10,CF-large,1.5018333359278306
SW/rest_Rep10,GroupDRO,1.1671596825041852
rest/SW_Rep1,BCF,0.4198720600136429
rest/SW_Rep1,AnchorBooster-small,0.3134703771334293
rest/SW_Rep1,AnchorBooster-medium,0.3115769766699004
rest/SW_Rep1,AnchorBooster-large,0.31160470214036573
rest/SW_Rep1,LS,0.35260149874197566
rest/SW_Rep1,AVE,1.3860730248259743
rest/SW_Rep1,CF-medium,0.9759156984431487
rest/SW_Rep1,CF-small,0.6481031592920203
rest/SW_Rep1,CF-large,1.1494245968575483
rest/SW_Rep1,GroupDRO,0.46887116485237607
rest/SW_Rep2,BCF,0.40809271605314695
rest/SW_Rep2,AnchorBooster-small,0.2847529327410944
rest/SW_Rep2,AnchorBooster-medium,0.28503393932445503
rest/SW_Rep2,AnchorBooster-large,0.2857004597594596
rest/SW_Rep2,LS,0.32392049632607867
rest/SW_Rep2,AVE,1.3284744784387272
rest/SW_Rep2,CF-medium,0.9149755379065613
rest/SW_Rep2,CF-small,0.6212899435141654
rest/SW_Rep2,CF-large,1.064916357370188
rest/SW_Rep2,GroupDRO,0.4568735545965442
rest/SW_Rep3,BCF,0.42340644433811647
rest/SW_Rep3,AnchorBooster-small,0.3095413199948994
rest/SW_Rep3,AnchorBooster-medium,0.31020534601683636
rest/SW_Rep3,AnchorBooster-large,0.3056427861484861
rest/SW_Rep3,LS,0.3498110796656567
rest/SW_Rep3,AVE,1.3406818253653596
rest/SW_Rep3,CF-medium,0.9506415792542061
rest/SW_Rep3,CF-small,0.6371713191299345
rest/SW_Rep3,CF-large,1.0987760015755534
rest/SW_Rep3,GroupDRO,0.4980013164958153
rest/SW_Rep4,BCF,0.40071006442056384
rest/SW_Rep4,AnchorBooster-small,0.2957763358627488
rest/SW_Rep4,AnchorBooster-medium,0.29419549037716164
rest/SW_Rep4,AnchorBooster-large,0.292854327372758
rest/SW_Rep4,LS,0.3309795516000346
rest/SW_Rep4,AVE,1.3049261555896532
rest/SW_Rep4,CF-medium,0.9166585386276654
rest/SW_Rep4,CF-small,0.6034561622906683
rest/SW_Rep4,CF-large,1.0809432540078603
rest/SW_Rep4,GroupDRO,0.5058725785528966
rest/SW_Rep5,BCF,0.4349511648887578
rest/SW_Rep5,AnchorBooster-small,0.3158568607757708
rest/SW_Rep5,AnchorBooster-medium,0.3129194134459754
rest/SW_Rep5,AnchorBooster-large,0.3120937986042576
rest/SW_Rep5,LS,0.3564449512453382
rest/SW_Rep5,AVE,1.3504935108194516
rest/SW_Rep5,CF-medium,0.9636475170976405
rest/SW_Rep5,CF-small,0.6507081695785518
rest/SW_Rep5,CF-large,1.1217156322906312
rest/SW_Rep5,GroupDRO,0.5485558750735261
rest/SW_Rep6,BCF,0.4200650105132426
rest/SW_Rep6,AnchorBooster-small,0.30264102777632645
rest/SW_Rep6,AnchorBooster-medium,0.3012985156364339
rest/SW_Rep6,AnchorBooster-large,0.3024635900099633
rest/SW_Rep6,LS,0.3391766959836201
rest/SW_Rep6,AVE,1.3547860813979338
rest/SW_Rep6,CF-medium,0.9345876279152581
rest/SW_Rep6,CF-small,0.6241210681428375
rest/SW_Rep6,CF-large,1.1154799181248138
rest/SW_Rep6,GroupDRO,0.4897296372543318
rest/SW_Rep7,BCF,0.4274156561730754
rest/SW_Rep7,AnchorBooster-small,0.3149019379521486
rest/SW_Rep7,AnchorBooster-medium,0.3155549220058807
rest/SW_Rep7,AnchorBooster-large,0.316051271896608
rest/SW_Rep7,LS,0.3450916479395948
rest/SW_Rep7,AVE,1.3448630417837235
rest/SW_Rep7,CF-medium,0.9635356091622876
rest/SW_Rep7,CF-small,0.6334339466018224
rest/SW_Rep7,CF-large,1.116320615516009
rest/SW_Rep7,GroupDRO,0.5228580138000933
rest/SW_Rep8,BCF,0.42197996220597944
rest/SW_Rep8,AnchorBooster-small,0.3094273758258955
rest/SW_Rep8,AnchorBooster-medium,0.310087039467352
rest/SW_Rep8,AnchorBooster-large,0.3046295115010557
rest/SW_Rep8,LS,0.3473233795200391
rest/SW_Rep8,AVE,1.3335607660318844
rest/SW_Rep8,CF-medium,0.9275140254189298
rest/SW_Rep8,CF-small,0.6235893031247317
rest/SW_Rep8,CF-large,1.0819897937060297
rest/SW_Rep8,GroupDRO,0.4577795790129577
rest/SW_Rep9,BCF,0.4146963206932634
rest/SW_Rep9,AnchorBooster-small,0.3026645365671159
rest/SW_Rep9,AnchorBooster-medium,0.3015484442757477
rest/SW_Rep9,AnchorBooster-large,0.29895363434382144
rest/SW_Rep9,LS,0.3436948325952233
rest/SW_Rep9,AVE,1.3405978085646317
rest/SW_Rep9,CF-medium,0.9516698580778626
rest/SW_Rep9,CF-small,0.6247489640977437
rest/SW_Rep9,CF-large,1.1179549452159885
rest/SW_Rep9,GroupDRO,0.5241100739998977
rest/SW_Rep10,BCF,0.3990429497494887
rest/SW_Rep10,AnchorBooster-small,0.29496499316465985
rest/SW_Rep10,AnchorBooster-medium,0.2962110443696175
rest/SW_Rep10,AnchorBooster-large,0.2929918419873666
rest/SW_Rep10,LS,0.3313226972432204
rest/SW_Rep10,AVE,1.3690346092057464
rest/SW_Rep10,CF-medium,0.9794177036067488
rest/SW_Rep10,CF-small,0.6332982160173222
rest/SW_Rep10,CF-large,1.143071809104481
rest/SW_Rep10,GroupDRO,0.5154004831721365
NE/rest_Rep1,BCF,0.05985242255725584
NE/rest_Rep1,AnchorBooster-small,0.05653093057644361
NE/rest_Rep1,AnchorBooster-medium,0.056991837036505164
NE/rest_Rep1,AnchorBooster-large,0.05862998637601823
NE/rest_Rep1,LS,0.05892892000438614
NE/rest_Rep1,AVE,0.13486781024189048
NE/rest_Rep1,CF-medium,0.11250753391644552
NE/rest_Rep1,CF-small,0.08181099806372144
NE/rest_Rep1,CF-large,0.12530273497838273
NE/rest_Rep1,GroupDRO,0.05708693811680735
NE/rest_Rep2,BCF,0.03952054622709463
NE/rest_Rep2,AnchorBooster-small,0.04030824168965838
NE/rest_Rep2,AnchorBooster-medium,0.039578633427912256
NE/rest_Rep2,AnchorBooster-large,0.04007322721205093
NE/rest_Rep2,LS,0.0423034982109473
NE/rest_Rep2,AVE,0.12774460523432501
NE/rest_Rep2,CF-medium,0.09976702206318488
NE/rest_Rep2,CF-small,0.07305816035845414
NE/rest_Rep2,CF-large,0.12297297007127099
NE/rest_Rep2,GroupDRO,0.051459643081900916
NE/rest_Rep3,BCF,0.048368022934002476
NE/rest_Rep3,AnchorBooster-small,0.05306386191955416
NE/rest_Rep3,AnchorBooster-medium,0.0525573061344438
NE/rest_Rep3,AnchorBooster-large,0.05326700614750098
NE/rest_Rep3,LS,0.04932022404619002
NE/rest_Rep3,AVE,0.13887721575034298
NE/rest_Rep3,CF-medium,0.10784463548709775
NE/rest_Rep3,CF-small,0.07724835020237932
NE/rest_Rep3,CF-large,0.1285091663094321
NE/rest_Rep3,GroupDRO,0.04559480931448976
NE/rest_Rep4,BCF,0.050926912402105916
NE/rest_Rep4,AnchorBooster-small,0.046602911131099864
NE/rest_Rep4,AnchorBooster-medium,0.04787930538971744
NE/rest_Rep4,AnchorBooster-large,0.04753236115363055
NE/rest_Rep4,LS,0.05230228643223491
NE/rest_Rep4,AVE,0.13263579638248388
NE/rest_Rep4,CF-medium,0.09653658185555161
NE/rest_Rep4,CF-small,0.07308131026318848
NE/rest_Rep4,CF-large,0.11817204204084798
NE/rest_Rep4,GroupDRO,0.05733976468044702
NE/rest_Rep5,BCF,0.05661799839589091
NE/rest_Rep5,AnchorBooster-small,0.05437390943170728
NE/rest_Rep5,AnchorBooster-medium,0.05356106265058671
NE/rest_Rep5,AnchorBooster-large,0.05505008702164485
NE/rest_Rep5,LS,0.056011349167766976
NE/rest_Rep5,AVE,0.14556138112197792
NE/rest_Rep5,CF-medium,0.11835356537487529
NE/rest_Rep5,CF-small,0.08665467810572915
NE/rest_Rep5,CF-large,0.13805775251449284
NE/rest_Rep5,GroupDRO,0.06592791960824824
NE/rest_Rep6,BCF,0.04604074413913163
NE/rest_Rep6,AnchorBooster-small,0.040322757223186914
NE/rest_Rep6,AnchorBooster-medium,0.038801508395325
NE/rest_Rep6,AnchorBooster-large,0.040293729495305027
NE/rest_Rep6,LS,0.038477160101233844
NE/rest_Rep6,AVE,0.1197734310013082
NE/rest_Rep6,CF-medium,0.0875656129143966
NE/rest_Rep6,CF-small,0.05763322855832824
NE/rest_Rep6,CF-large,0.1080012140697816
NE/rest_Rep6,GroupDRO,0.05419306356991073
NE/rest_Rep7,BCF,0.07638360441757346
NE/rest_Rep7,AnchorBooster-small,0.0553180583918134
NE/rest_Rep7,AnchorBooster-medium,0.055035592176302196
NE/rest_Rep7,AnchorBooster-large,0.057178579790123286
NE/rest_Rep7,LS,0.06479069214474857
NE/rest_Rep7,AVE,0.1745011071198254
NE/rest_Rep7,CF-medium,0.13122357258398165
NE/rest_Rep7,CF-small,0.10183932894544728
NE/rest_Rep7,CF-large,0.1540101009812913
NE/rest_Rep7,GroupDRO,0.0641383451019774
NE/rest_Rep8,BCF,0.05675626032376228
NE/rest_Rep8,AnchorBooster-small,0.05426945971413583
NE/rest_Rep8,AnchorBooster-medium,0.053743665833108155
NE/rest_Rep8,AnchorBooster-large,0.05412751813461556
NE/rest_Rep8,LS,0.05845616486391131
NE/rest_Rep8,AVE,0.1412220427949793
NE/rest_Rep8,CF-medium,0.10847516271474454
NE/rest_Rep8,CF-small,0.07856697861558704
NE/rest_Rep8,CF-large,0.12720138502099632
NE/rest_Rep8,GroupDRO,0.06753722150764152
NE/rest_Rep9,BCF,0.055916295761685726
NE/rest_Rep9,AnchorBooster-small,0.04774262269702585
NE/rest_Rep9,AnchorBooster-medium,0.048566121615174096
NE/rest_Rep9,AnchorBooster-large,0.04739036204235002
NE/rest_Rep9,LS,0.05089973710223092
NE/rest_Rep9,AVE,0.13621967464537285
NE/rest_Rep9,CF-medium,0.10731497706379063
NE/rest_Rep9,CF-small,0.07905533720464808
NE/rest_Rep9,CF-large,0.1256183048706888
NE/rest_Rep9,GroupDRO,0.0508049991475041
NE/rest_Rep10,BCF,0.04100850825559013
NE/rest_Rep10,AnchorBooster-small,0.0317784288334859
NE/rest_Rep10,AnchorBooster-medium,0.03248154769357019
NE/rest_Rep10,AnchorBooster-large,0.033279451737229425
NE/rest_Rep10,LS,0.0349889771945977
NE/rest_Rep10,AVE,0.11002104996560139
NE/rest_Rep10,CF-medium,0.07774896864825635
NE/rest_Rep10,CF-small,0.05802195086731003
NE/rest_Rep10,CF-large,0.09952295705677532
NE/rest_Rep10,GroupDRO,0.055331980082713124
rest/NE_Rep1,BCF,0.4026811048493537
rest/NE_Rep1,AnchorBooster-small,0.30815040520225717
rest/NE_Rep1,AnchorBooster-medium,0.3082063039503449
rest/NE_Rep1,AnchorBooster-large,0.3056446866668161
rest/NE_Rep1,LS,0.3338992080052075
rest/NE_Rep1,AVE,1.2824347412186852
rest/NE_Rep1,CF-medium,0.8852322026111904
rest/NE_Rep1,CF-small,0.6106232866056401
rest/NE_Rep1,CF-large,1.0269912020978778
rest/NE_Rep1,GroupDRO,0.4983622025763843
rest/NE_Rep2,BCF,0.4243849837244628
rest/NE_Rep2,AnchorBooster-small,0.3176140897824577
rest/NE_Rep2,AnchorBooster-medium,0.3175734820847199
rest/NE_Rep2,AnchorBooster-large,0.31682570315891534
rest/NE_Rep2,LS,0.3644663219188317
rest/NE_Rep2,AVE,1.3291676114623656
rest/NE_Rep2,CF-medium,0.934595866977057
rest/NE_Rep2,CF-small,0.6505395797529943
rest/NE_Rep2,CF-large,1.082770435882489
rest/NE_Rep2,GroupDRO,0.5464090550783776
rest/NE_Rep3,BCF,0.37139502341350084
rest/NE_Rep3,AnchorBooster-small,0.28848867492324215
rest/NE_Rep3,AnchorBooster-medium,0.2870839189378772
rest/NE_Rep3,AnchorBooster-large,0.2838362348403484
rest/NE_Rep3,LS,0.31304669251800055
rest/NE_Rep3,AVE,1.2922176131543752
rest/NE_Rep3,CF-medium,0.8601808758517108
rest/NE_Rep3,CF-small,0.6011796122914416
rest/NE_Rep3,CF-large,1.02870328086436
rest/NE_Rep3,GroupDRO,0.47526384175734987
rest/NE_Rep4,BCF,0.4144285536209354
rest/NE_Rep4,AnchorBooster-small,0.30530468184777
rest/NE_Rep4,AnchorBooster-medium,0.3062288323282527
rest/NE_Rep4,AnchorBooster-large,0.3024955432294491
rest/NE_Rep4,LS,0.3438863544644097
rest/NE_Rep4,AVE,1.326127196700347
rest/NE_Rep4,CF-medium,0.8937589365751512
rest/NE_Rep4,CF-small,0.6319452471022002
rest/NE_Rep4,CF-large,1.0680515783329356
rest/NE_Rep4,GroupDRO,0.49791688128011474
rest/NE_Rep5,BCF,0.3865394060992611
rest/NE_Rep5,AnchorBooster-small,0.2904823072066697
rest/NE_Rep5,AnchorBooster-medium,0.28659822563786064
rest/NE_Rep5,AnchorBooster-large,0.2806376422197576
rest/NE_Rep5,LS,0.32036468052170186
rest/NE_Rep5,AVE,1.3151339021059938
rest/NE_Rep5,CF-medium,0.8803076594212546
rest/NE_Rep5,CF-small,0.6028199074687633
rest/NE_Rep5,CF-large,1.0397254242968574
rest/NE_Rep5,GroupDRO,0.512611276344309
rest/NE_Rep6,BCF,0.3875141669250847
rest/NE_Rep6,AnchorBooster-small,0.29176820208755855
rest/NE_Rep6,AnchorBooster-medium,0.29254284491137067
rest/NE_Rep6,AnchorBooster-large,0.28888745935774657
rest/NE_Rep6,LS,0.3264624467502477
rest/NE_Rep6,AVE,1.2981099267607092
rest/NE_Rep6,CF-medium,0.8696807666205121
rest/NE_Rep6,CF-small,0.5985852944102182
rest/NE_Rep6,CF-large,1.0176323741039952
rest/NE_Rep6,GroupDRO,0.47033933370201875
rest/NE_Rep7,BCF,0.41179115961560075
rest/NE_Rep7,AnchorBooster-small,0.31539129490499823
rest/NE_Rep7,AnchorBooster-medium,0.3169624912052638
rest/NE_Rep7,AnchorBooster-large,0.3119408974940004
rest/NE_Rep7,LS,0.3477148363954191
rest/NE_Rep7,AVE,1.2926644608064568
rest/NE_Rep7,CF-medium,0.8700546420680336
rest/NE_Rep7,CF-small,0.6180815544120163
rest/NE_Rep7,CF-large,1.0383204804376664
rest/NE_Rep7,GroupDRO,0.5001565573185752
rest/NE_Rep8,BCF,0.4089654143926468
rest/NE_Rep8,AnchorBooster-small,0.3133806840056203
rest/NE_Rep8,AnchorBooster-medium,0.30946509166893127
rest/NE_Rep8,AnchorBooster-large,0.31036889492390113
rest/NE_Rep8,LS,0.3484556778827727
rest/NE_Rep8,AVE,1.3327756271875817
rest/NE_Rep8,CF-medium,0.9080669419532479
rest/NE_Rep8,CF-small,0.6292676012548902
rest/NE_Rep8,CF-large,1.0476762530371924
rest/NE_Rep8,GroupDRO,0.5322945794866963
rest/NE_Rep9,BCF,0.3744427072700896
rest/NE_Rep9,AnchorBooster-small,0.27596055213448833
rest/NE_Rep9,AnchorBooster-medium,0.2767132899551375
rest/NE_Rep9,AnchorBooster-large,0.27226126645968285
rest/NE_Rep9,LS,0.30882297918078894
rest/NE_Rep9,AVE,1.2667865113694348
rest/NE_Rep9,CF-medium,0.8506760491324928
rest/NE_Rep9,CF-small,0.5849125118031717
rest/NE_Rep9,CF-large,1.0047868619740807
rest/NE_Rep9,GroupDRO,0.46897898735004173
rest/NE_Rep10,BCF,0.4187455982845879
rest/NE_Rep10,AnchorBooster-small,0.31291444891520837
rest/NE_Rep10,AnchorBooster-medium,0.3105772688740415
rest/NE_Rep10,AnchorBooster-large,0.3108006896153981
rest/NE_Rep10,LS,0.34760856052091943
rest/NE_Rep10,AVE,1.3824577062475933
rest/NE_Rep10,CF-medium,0.9445719540669697
rest/NE_Rep10,CF-small,0.6544274611992446
rest/NE_Rep10,CF-large,1.120377176359144
rest/NE_Rep10,GroupDRO,0.4945142888024207
NW/rest_Rep1,BCF,0.3994520116120849
NW/rest_Rep1,AnchorBooster-small,0.25749091996852924
NW/rest_Rep1,AnchorBooster-medium,0.2558010108223223
NW/rest_Rep1,AnchorBooster-large,0.25434581820280777
NW/rest_Rep1,LS,0.2609387415682851
NW/rest_Rep1,AVE,1.3948394415547278
NW/rest_Rep1,CF-medium,0.9109542675759656
NW/rest_Rep1,CF-small,0.5881333116910711
NW/rest_Rep1,CF-large,1.1018418713116103
NW/rest_Rep1,GroupDRO,0.5544786595926988
NW/rest_Rep2,BCF,0.4032031641239411
NW/rest_Rep2,AnchorBooster-small,0.2744720916825008
NW/rest_Rep2,AnchorBooster-medium,0.27616310629218005
NW/rest_Rep2,AnchorBooster-large,0.27785899110223955
NW/rest_Rep2,LS,0.27970137433804787
NW/rest_Rep2,AVE,1.373177424367087
NW/rest_Rep2,CF-medium,0.920844803632776
NW/rest_Rep2,CF-small,0.5940461284864161
NW/rest_Rep2,CF-large,1.1238721267841605
NW/rest_Rep2,GroupDRO,0.5311135154934913
NW/rest_Rep3,BCF,0.341226197155136
NW/rest_Rep3,AnchorBooster-small,0.23221806684845753
NW/rest_Rep3,AnchorBooster-medium,0.236512308394289
NW/rest_Rep3,AnchorBooster-large,0.23728137038007982
NW/rest_Rep3,LS,0.25190017975113427
NW/rest_Rep3,AVE,1.324033850914528
NW/rest_Rep3,CF-medium,0.8721245728928433
NW/rest_Rep3,CF-small,0.5588392928144406
NW/rest_Rep3,CF-large,1.0684497752980624
NW/rest_Rep3,GroupDRO,0.4528930321594075
NW/rest_Rep4,BCF,0.34660844899579246
NW/rest_Rep4,AnchorBooster-small,0.25658459263394756
NW/rest_Rep4,AnchorBooster-medium,0.2574596561024785
NW/rest_Rep4,AnchorBooster-large,0.25607380225773574
NW/rest_Rep4,LS,0.2736981975057777
NW/rest_Rep4,AVE,1.3294780294590924
NW/rest_Rep4,CF-medium,0.8961807463699668
NW/rest_Rep4,CF-small,0.5841509483032603
NW/rest_Rep4,CF-large,1.1020796906648958
NW/rest_Rep4,GroupDRO,0.5134780042190111
NW/rest_Rep5,BCF,0.402955317850564
NW/rest_Rep5,AnchorBooster-small,0.2716174437253763
NW/rest_Rep5,AnchorBooster-medium,0.2691945397656272
NW/rest_Rep5,AnchorBooster-large,0.2717249245453753
NW/rest_Rep5,LS,0.28835906638888337
NW/rest_Rep5,AVE,1.4638181744616394
NW/rest_Rep5,CF-medium,0.939071800904589
NW/rest_Rep5,CF-small,0.6222369738389312
NW/rest_Rep5,CF-large,1.158452398273462
NW/rest_Rep5,GroupDRO,0.4984570355311959
NW/rest_Rep6,BCF,0.3855285581164821
NW/rest_Rep6,AnchorBooster-small,0.2640649315951641
NW/rest_Rep6,AnchorBooster-medium,0.26322000883668206
NW/rest_Rep6,AnchorBooster-large,0.26053586154585145
NW/rest_Rep6,LS,0.27516488141834194
NW/rest_Rep6,AVE,1.3059405004225006
NW/rest_Rep6,CF-medium,0.8456857413642835
NW/rest_Rep6,CF-small,0.5440240180938505
NW/rest_Rep6,CF-large,1.0451917802355077
NW/rest_Rep6,GroupDRO,0.5058732401488438
NW/rest_Rep7,BCF,0.4004912597665825
NW/rest_Rep7,AnchorBooster-small,0.27691078414747483
NW/rest_Rep7,AnchorBooster-medium,0.2732180013314938
NW/rest_Rep7,AnchorBooster-large,0.2726291657738055
NW/rest_Rep7,LS,0.28135841028745645
NW/rest_Rep7,AVE,1.4150566267290736
NW/rest_Rep7,CF-medium,0.9812905761214735
NW/rest_Rep7,CF-small,0.6194302648261463
NW/rest_Rep7,CF-large,1.1836960497733682
NW/rest_Rep7,GroupDRO,0.5071306044574286
NW/rest_Rep8,BCF,0.4148985552213128
NW/rest_Rep8,AnchorBooster-small,0.2822467562924595
NW/rest_Rep8,AnchorBooster-medium,0.2827153838832597
NW/rest_Rep8,AnchorBooster-large,0.2801601335341861
NW/rest_Rep8,LS,0.28887968922413143
NW/rest_Rep8,AVE,1.391276621919723
NW/rest_Rep8,CF-medium,0.8991502744016968
NW/rest_Rep8,CF-small,0.6031998166955767
NW/rest_Rep8,CF-large,1.104184328483041
NW/rest_Rep8,GroupDRO,0.565317616110609
NW/rest_Rep9,BCF,0.36159377644797386
NW/rest_Rep9,AnchorBooster-small,0.2546340923469243
NW/rest_Rep9,AnchorBooster-medium,0.2513505470980468
NW/rest_Rep9,AnchorBooster-large,0.2507223683698742
NW/rest_Rep9,LS,0.26444083021720194
NW/rest_Rep9,AVE,1.3386272973866127
NW/rest_Rep9,CF-medium,0.8731086035881385
NW/rest_Rep9,CF-small,0.5683910504859246
NW/rest_Rep9,CF-large,1.110689712329451
NW/rest_Rep9,GroupDRO,0.49548612359251565
NW/rest_Rep10,BCF,0.4157711496110834
NW/rest_Rep10,AnchorBooster-small,0.2669136431213986
NW/rest_Rep10,AnchorBooster-medium,0.2676594052264676
NW/rest_Rep10,AnchorBooster-large,0.2699130488239276
NW/rest_Rep10,LS,0.27088767831859695
NW/rest_Rep10,AVE,1.4817875119810835
NW/rest_Rep10,CF-medium,1.0040963493695478
NW/rest_Rep10,CF-small,0.6442983522580378
NW/rest_Rep10,CF-large,1.2011427129393613
NW/rest_Rep10,GroupDRO,0.5257739374477655
rest/NW_Rep1,BCF,0.4195017987707925
rest/NW_Rep1,AnchorBooster-small,0.28327432013124665
rest/NW_Rep1,AnchorBooster-medium,0.2874151109236708
rest/NW_Rep1,AnchorBooster-large,0.28738938588296087
rest/NW_Rep1,LS,0.313750266050842
rest/NW_Rep1,AVE,1.2939129980340562
rest/NW_Rep1,CF-medium,0.966605724678578
rest/NW_Rep1,CF-small,0.6146821781142884
rest/NW_Rep1,CF-large,1.1325473067843224
rest/NW_Rep1,GroupDRO,0.4806563939936053
rest/NW_Rep2,BCF,0.43142127444129713
rest/NW_Rep2,AnchorBooster-small,0.2972545709429494
rest/NW_Rep2,AnchorBooster-medium,0.2956876957074647
rest/NW_Rep2,AnchorBooster-large,0.29926822712774853
rest/NW_Rep2,LS,0.3313129095835611
rest/NW_Rep2,AVE,1.2544941415804804
rest/NW_Rep2,CF-medium,0.9476910034185813
rest/NW_Rep2,CF-small,0.614876764078164
rest/NW_Rep2,CF-large,1.11525498803077
rest/NW_Rep2,GroupDRO,0.5286783023918804
rest/NW_Rep3,BCF,0.4384897999144072
rest/NW_Rep3,AnchorBooster-small,0.29218916855052607
rest/NW_Rep3,AnchorBooster-medium,0.2932682503629653
rest/NW_Rep3,AnchorBooster-large,0.2960615272484253
rest/NW_Rep3,LS,0.32929568590349084
rest/NW_Rep3,AVE,1.2890880796275854
rest/NW_Rep3,CF-medium,0.9693315597067482
rest/NW_Rep3,CF-small,0.6205562344519433
rest/NW_Rep3,CF-large,1.1529892443526495
rest/NW_Rep3,GroupDRO,0.4893577604593496
rest/NW_Rep4,BCF,0.4453058114782487
rest/NW_Rep4,AnchorBooster-small,0.29848872616322997
rest/NW_Rep4,AnchorBooster-medium,0.30038503193873184
rest/NW_Rep4,AnchorBooster-large,0.2974490046493183
rest/NW_Rep4,LS,0.3243713452719032
rest/NW_Rep4,AVE,1.2921983772994892
rest/NW_Rep4,CF-medium,0.9784751279954433
rest/NW_Rep4,CF-small,0.6315843881267115
rest/NW_Rep4,CF-large,1.162582577134972
rest/NW_Rep4,GroupDRO,0.5216122248516835
rest/NW_Rep5,BCF,0.4548871457444477
rest/NW_Rep5,AnchorBooster-small,0.3058906786063515
rest/NW_Rep5,AnchorBooster-medium,0.30572109505436085
rest/NW_Rep5,AnchorBooster-large,0.3087372836069713
rest/NW_Rep5,LS,0.3438186334030397
rest/NW_Rep5,AVE,1.3530120702540671
rest/NW_Rep5,CF-medium,1.0297671881677442
rest/NW_Rep5,CF-small,0.6655414985942905
rest/NW_Rep5,CF-large,1.2024244924382579
rest/NW_Rep5,GroupDRO,0.5717231778649262
rest/NW_Rep6,BCF,0.4383506513659178
rest/NW_Rep6,AnchorBooster-small,0.2850175665595817
rest/NW_Rep6,AnchorBooster-medium,0.2885799850886313
rest/NW_Rep6,AnchorBooster-large,0.2865042892868683
rest/NW_Rep6,LS,0.3236406881688953
rest/NW_Rep6,AVE,1.2418861808457087
rest/NW_Rep6,CF-medium,0.9516374153038473
rest/NW_Rep6,CF-small,0.6029454814943445
rest/NW_Rep6,CF-large,1.1246671250978206
rest/NW_Rep6,GroupDRO,0.5515248903020616
rest/NW_Rep7,BCF,0.45558835502010603
rest/NW_Rep7,AnchorBooster-small,0.3098699391217942
rest/NW_Rep7,AnchorBooster-medium,0.30822706411428474
rest/NW_Rep7,AnchorBooster-large,0.30803866314410366
rest/NW_Rep7,LS,0.34242966042417244
rest/NW_Rep7,AVE,1.3242825518575632
rest/NW_Rep7,CF-medium,1.0156768579760262
rest/NW_Rep7,CF-small,0.6497844158887877
rest/NW_Rep7,CF-large,1.196867002929239
rest/NW_Rep7,GroupDRO,0.521427790309549
rest/NW_Rep8,BCF,0.4164639058359358
rest/NW_Rep8,AnchorBooster-small,0.2620097619760635
rest/NW_Rep8,AnchorBooster-medium,0.2665435101531919
rest/NW_Rep8,AnchorBooster-large,0.2693203805665685
rest/NW_Rep8,LS,0.30934913656856383
rest/NW_Rep8,AVE,1.2902898459891776
rest/NW_Rep8,CF-medium,0.958160391587564
rest/NW_Rep8,CF-small,0.6153887692458638
rest/NW_Rep8,CF-large,1.141566163063185
rest/NW_Rep8,GroupDRO,0.5350255300156506
rest/NW_Rep9,BCF,0.423842006429499
rest/NW_Rep9,AnchorBooster-small,0.2954573764314329
rest/NW_Rep9,AnchorBooster-medium,0.2941019034153065
rest/NW_Rep9,AnchorBooster-large,0.3006239540328384
rest/NW_Rep9,LS,0.32930706382436414
rest/NW_Rep9,AVE,1.3700614047337274
rest/NW_Rep9,CF-medium,1.0143181808701611
rest/NW_Rep9,CF-small,0.6449953047912375
rest/NW_Rep9,CF-large,1.2308130451220622
rest/NW_Rep9,GroupDRO,0.5030717744666161
rest/NW_Rep10,BCF,0.45024549931489044
rest/NW_Rep10,AnchorBooster-small,0.3293098723504214
rest/NW_Rep10,AnchorBooster-medium,0.33250773968077574
rest/NW_Rep10,AnchorBooster-large,0.32633235600673943
rest/NW_Rep10,LS,0.3470482275229983
rest/NW_Rep10,AVE,1.335777784984255
rest/NW_Rep10,CF-medium,0.9940407452473152
rest/NW_Rep10,CF-small,0.6478032112729819
rest/NW_Rep10,CF-large,1.20939571307399
rest/NW_Rep10,GroupDRO,0.5777506818243873
